pid,label_en,label_zh,_date,object_origin,object_type_en,object_type_zh,cultural_context,source_collection,collection_num,dpm_1925_inventory_num,1925_inventory_loc,en_measurements,_rights,npmt_1983_poem_listing,image_links,pub_1,pub_2,pub_3,pub_4,pub_5,text_title_zh,text_title_en,inscription_position,inscription_text_zh,inscription_text_en,pub_text,pub_text_source,pub_text_volume,pub_text_chapter,pub_text_page,sexagenary_year,reign_year,notes_detail,text_ref,museum_catalogue,order,layout,collection,thumbnail,full,manifest,pub_6,zh_measurements
jade001,"Grayish-green jade bowl (1983); Bowl with deep foot (Taipei 2007/2015); Ash-green jade bowl (Taipei 2002); ""Xiang Fei's bowl"" (Teng 1993)","青灰玉碗 (Taipei 1983, Taipei 2002); 厚足碗 (2015)",1756,中亞 Central Asia; specifically Kashgar (see notes),bowl,椀,Uighur,NPMT,古玉0636,天348,乾清宮 QQG,rim diameter: 13.5cm; ringfoot diameter: 6.2cm; height: 5.6cm; bodywall thickness one-third below rim: 0.3cm,OA,1,https://antiquities.npm.gov.tw/Utensils_Page.aspx?ItemId=51055,Taipei 1983 pp126-127,Taipei 2007 p30 cat002,Taipei 2015 p27 cat002,Taipei 2002 p153 catIV-21,Teng 1993,玉椀,Jade bowl,Outer wall,"玉椀來回部,輸誠供闔閶,召公懷不寶,韓子戒無當,異致白毛鹿,引恬頳尾魴,勞徠非力并,天眷奉昭彰。 Note that as incised on bowl, 回 is rendered with the highly derogatory dog radical preceding the component for ""hui.""",Note trans Teng 2004 p40,"玉椀來回部,輸誠供闔閶,召公懷不寶,韓子戒無當,異致白毛鹿,引恬頳尾魴 (回部葉爾奇木哈什哈爾初役屬於準噶爾,為所拘縶,因我大軍戡定伊犁,始釋之令歸所部,其長伯克和卓遣使求內屬,此其所貢也), 勞徠非力并,天眷奉昭彰。 ",御製詩,二集,卷65,頁18,丙子,(乾隆二十一年1756年),"此詩加琢於該玉碗外壁,藏於本院,品號天三四八,圖版壹,插圖30。 Taipei 2015 p233: ""...from the (Qianlong) Collected Poems we know that this piece was sent in tribute in 1756 from a Muslim leader from Kashgar...This tribute accompanied the Muslim leader's sister, who was destined to become an imperial concubine. Given the name Rong Fei, she was more commonly known as...'the Fragrant Concubine.'""",https://ctext.org/library.pl?if=gb&file=71130&page=97,http://antiquities.npm.gov.tw/Utensils_Page.aspx?ItemId=51055,00,hindustan_item,my_collection,"/img/derivatives/iiif/images/jade001_00/full/250,/0/default.jpg","/img/derivatives/iiif/images/jade001_00/full/1140,/0/default.jpg",/img/derivatives/iiif/jade001/manifest.json,"",""
jade010,Large grayish-blue green jade lotus-flower plate (1983) Floral-shaped jade dish (webcat),"花式盤 (2007, webcat)",1768,Mughal,plate,盤,Mughal,NPMT,古玉2471,天416,乾清宮 QQG,"Rim diameter 25cm, base diameter 14.8cm, height 4.7cm","",10,"https://theme.npm.edu.tw/opendata/DigitImageSets.aspx?sNo=04018769 
https://theme.npm.edu.tw/opendata/DigitImageSets.aspx?sNo=04013921 https://theme.npm.edu.tw/opendata/DigitImageSets.aspx?sNo=04013924",Taipei 1983 pp 182-183 pl29,Taipei 2007 pp80/248 pl075,Taipei 2013 p083 I-2.17,《故宮文物月刊》410期        《故宮文物月刊》編輯部        國立故宮博物院        2017/05,《故宮文物月刊》188期(赴法展)        器物處        臺北巿：國立故宮博物院        1998/11,天竺五印度考訊  ,An Examination into Mistakes Concerning India,Interior,"佛經此欲界內以須彌山為中,須彌山四面有四大部洲,居南面者為閻浮提,即華言南瞻部洲者是。此閻浮提內有三大國,各所屬及弗相屬之,小國弗與焉,而閻浮提又以崑崙為中,居崑崙之東,及東南東北者,即我中國為一大國。居崑崙之南及西南者,為天竺一大國,居崑崙之西北及北者,為洪豁爾一大國。而天竺一國分為東西南北中五印度,即梵經所稱印達爾,印達爾者,華言自在境界之謂也。五印度皆厄訥特珂克之地,唐史宋史訛印度為身毒,或稱身篤,而所載事蹟及入朝中國,大率不實,亦不得要領。何言之?自古中華聲教所訖,莫過於本朝,而本朝百餘年中,從未有天竺遣使進貢之事,雖於乾隆庚辰年間,烏特噶里畢拉奇碩拉汗,會遣婆羅門進表奉貢,亦其東印度近我西藏之一小國耳,非中天竺也。若夫北印度,實近我回部之葉爾羌,故葉爾羌之西,過葱嶺,即拔達克山,由拔達克山轉而南為克什米爾,又轉而西為溫都斯坦;又轉而南方為厄訥特珂克,其方向如此,其道里亦莫得而詳焉。溫都斯坦雖回地也,而回人相傳彼地有佛遺蹟,益知即北印度交界,或者昔為天竺屬而後為回部屬,皆不可知。溫都斯坦,今唐古忒及回語,皆稱為痕都斯坦,盖亦譯者訛痕為溫,而二語皆與印度音聲相近。所謂天竺北印度近回部,此亦一騐也。要知痕與溫、與印、與身,及度與毒、與篤、與都,皆非天竺本語,而又何必較是非於一字一句之間哉。宋史載:天竺僧施護,行程有至誐惹曩國之語,誐惹曩音聲亦與厄訥特珂克相近而通。考所謂度雪山過伽濕彌勒國者,雪山即今葱嶺,而伽濕彌勒亦即克什米爾之誤耳。若夫元史稱元太祖見角端於印度,疑亦即今痕都斯坦之北印度,與回部交界者耳,非中印度也。東印度旣近西藏,故天竺之事,西藏時聞之,據西藏僧謂:天竺雖佛現身說法之地,然今天竺實不興佛法,而興異教。此亦與梵帙,佛受記五百年後,佛法漸微,而漸流行東至震旦迺復興之語相符合。夫以今中國之力,若唐宋之假道葱嶺、克什米爾以達天竺、中印度亦何難,但旣非德致,更以計求,雖徠遠域,何關實政,故不為也。近得蒙古源流,謂元太祖進兵至厄訥特珂克,遇一角獸狀若跪叩者三,元太祖曰:是殆上天示予自此往斡齊爾圖瑣林,道遠難極,遂振旅云云益可為未至中印度之證。而獸為人言,更可信元史之謬為附會,因考天竺五印度,故並闢其蹖譌如右。",Mosca articles for complete; determine which 810 characters are here,"佛經此欲界內以須彌山為中,須彌山四面有四大部洲,居南面者為閻浮提,即華言南瞻部洲者是。 此閻浮提內有三大國,各所屬及弗相屬之,小國弗與焉,而閻浮提又以崑崙為中,居崑崙之東,及東南東北者,即我中國為一大國。居崑崙之南及西南者,為天竺一大國(即今西藏所稱厄訥特珂克也),居崑崙之西北及北者,為洪豁爾一大國。而天竺一國分為東西南北中五印度,即梵經所稱印達爾,印達爾者,華言自在境界之謂也。五印度皆厄訥特珂克之地,唐史宋史訛印度為身毒,或稱身篤,而所載事蹟及入朝中國,大率不實,亦不得要領。何言之?自古中華聲教所訖,莫過_本朝,而本朝百餘年中,從未有天竺遣使進貢之事,雖於乾隆庚辰年間,烏特噶里畢拉奇碩拉汗,曾遣婆羅門進表奉貢,亦其東印度近我西藏之一小國耳,非中天竺也。若夫北印度,實近我回部之葉爾羌,故葉爾羌之西,過葱嶺,即拔達克山,由拔達克山轉而南為克什米爾,又轉而西為溫都斯坦;又轉而南方為厄訥特珂克,其方向如此,其道里亦莫得而詳焉。溫都斯坦雖回地也,而回人相傳彼地有佛遺蹟,益知即北印度交界,或者昔為天竺屬而後為回部屬,皆不可知。溫都斯坦,今唐古忒及回語,皆稱為痕都斯坦,盖亦譯者訛痕為溫,而二語皆與印度音聲相近。所謂天竺北印度近回部,此亦一騐也。要知痕與溫、與印、與身,及度與毒、與篤、與都,皆非天竺本語,而又何必較是非於一字一句之間哉。宋史載:天竺僧施護,行程有至誐惹曩國之語,誐惹曩音聲亦與厄訥特珂克相近而通。考所謂度雪山過伽濕彌勒國者,雪山即今葱嶺,而伽濕彌勒亦即克什米爾之誤耳。若夫元史稱元太祖見角端於印度,疑亦即今痕都斯坦之北印度,與回部交界者耳,非中印度也。東印度旣近西藏,故天竺之事,西藏時聞之,據西藏僧謂:天竺雖佛現身說法之地,然今天竺實不興佛法,而興異教。此亦與梵帙,佛受記五百年後,佛法漸微,而漸流行東至震旦迺復興之語相符合。夫以今中國之力,若唐宋之假道葱嶺、克什米爾以達天竺、中印度亦何難,但旣非德致,更以計求,雖徠遠域,何關實政,故不為也。近得蒙古源流,謂元太祖進兵至厄訥特珂克,遇一角獸狀若跪叩者三,元太祖曰:是殆上天示予自此往斡齊爾圖瑣林,道遠難極,遂振旅云云(斡齊爾圖瑣林者蒙古語謂金剛狀也,即佛現身說法之中印度)益可為未至中印度之證。而獸為人言,更可信元史之謬為附會,因考天竺五印度,故並闢其蹖譌如右。 ",御製文,二集,卷21,頁25,戊子,(乾隆三十三年1768年),"並節錄琢於本院藏蓮瓣式大玉盤上。品號天四一六。圖版貳玖揷圖32。乾隆三十三年以後,清高宗經常用「 痕都斯坦」一名,泛稱貢自回部各地的玉器。 ""The pair of large jade plates in (Jade 010a and Jade 010b) were sent as tribute to the Qing court in 1768 and were the first jade vessels that the Qianlong emperor recognized as coming from northern India. He composed the Tianzhu wu yindu kao'e  about them, an 810-character excerpt of which was transcribed onto this plate."" (Taipei 2007 p248 pl075)",https://ctext.org/library.pl?if=gb&file=50460&page=6,https://antiquities.npm.gov.tw/Utensils_Page.aspx?ItemId=52891,01,hindustan_item,my_collection,"/img/derivatives/iiif/images/jade010_00/full/250,/0/default.jpg","/img/derivatives/iiif/images/jade010_00/full/1140,/0/default.jpg",/img/derivatives/iiif/jade010/manifest.json,Taipei 2015 p32 pl004,""
jade011,Large ash-green jade plate in the shape of a lotus blossom (webcat),"花式盤 (2007, webcat)",1768,Mughal,plate,盤,Mughal,NPMT,古玉2472,天416,乾清宮 QQG,"Rim Diameter: 25.7cm, Base Diameter: 16cm (webcat 14.8), Height: 4cm (webcat 4.7cm)","",11,https://theme.npm.edu.tw/opendata/DigitImageSets.aspx?sNo=04018771 https://theme.npm.edu.tw/opendata/DigitImageSets.aspx?sNo=04013928 https://theme.npm.edu.tw/opendata/DigitImageSets.aspx?sNo=04013926,"Taipei 1983 pp184-185, pl30",Taipei 2002 p153 cat. IV-22,"Taipei 2007 pp81/248, pl076",Taipei 2013 p83 cat. I-2.17,"Weng, Yu-wen. “來自天方的仙工－簡介「南亞美玉特展」.” 故宮文物月刊 The National Palace Museum Monthly of Chinese Art 410 (May 2017): 16–29.",題痕都斯坦雙玉盤得十韻,On a Pair of Hindustan Jade Plates,Center,"葱嶺接崑崙,痕都天竺藩,瓊枝產寶夥,水磨省工煩,泰冒徒聞浴,和闐此溯源,匪求來不拒,弗韞賈堪言,盈尺區寧論,成雙珏寔存,中規仍瓣瓣,合度更渾渾,帶蒂芳葩簇, 通身翠葉翻,荒唐說泝水, 約畧比嬰垣,謾詡連城貴,端知五德尊,孫卿有佳喻,恭已愼臨軒。 ","","葱嶺接崑崙,痕都天竺藩(向稱溫都斯坦乃痕都斯坦之誤,今考梵文改正。以新疆道里方向證之, 其地當由回部過葱嶺,至拔達克山西南,即其地盖北印度交界說,詳考訛篇中,)瓊枝產寶夥,水磨省工煩(聞彼處治玉以水磨,不以沙石錯),泰冒徒聞浴,和闐此溯源,匪求來不拒,弗韞賈堪言,盈尺區寧論(去聲),成雙珏寔存,中規仍瓣瓣,合度更渾渾,帶蒂芳葩簇, 通身翠葉翻,荒唐說泝水(卞和之事向曾有詩辨其誣), 約畧比嬰垣,謾詡連城貴,端知五德尊,孫卿有佳喻,恭已愼臨軒。 ",御製詩,三集,卷69,頁2,戊子,(乾隆三十三年1768年),"此詩加琢於此雙玉盤之一, 藏於本院,品號天四一六,圖版参零,插圖31。 ""The pair of large jade plates in (Jade 010a and Jade 010b) were sent as tribute to the Qing court in 1768 and were the first jade vessels that the Qianlong emperor recognized as coming from northern India. The emperor wrote a poem about these plates, which he had inscribed onto this one."" (Taipei 2007 p248 pl076)",https://ctext.org/library.pl?if=gb&file=68095&page=5,http://antiquities.npm.gov.tw/Utensils_Page.aspx?ItemId=52892,02,hindustan_item,my_collection,"/img/derivatives/iiif/images/jade011_00/full/250,/0/default.jpg","/img/derivatives/iiif/images/jade011_00/full/1140,/0/default.jpg",/img/derivatives/iiif/jade011/manifest.json,Taipei 2015 p32 pl005,""
jade012a,"Bluish-green jade pen-case with ink container (Taipei 1983), Jade ink vessel and brush holder (2002, webcat), Ink bottle and brush case (2007)","",1768,Mughal,bottle and pencase,墨瓶 and 筆室,Mughal,NPMT,古玉3231,天331,乾清宮 QQG,"Container height 8.2cm, container diameter 5.7cm, pen-case length 21.7cm (webcat: 全高8公分 玉筆架長21.5公分 玉筆管口徑1.8公分 口徑3公分 足徑3.7公分)","",12,"https://theme.npm.edu.tw/opendata/DigitImageSets.aspx?sNo=04018747 
https://theme.npm.edu.tw/opendata/DigitImageSets.aspx?sNo=04018767 
https://theme.npm.edu.tw/opendata/DigitImageSets.aspx?sNo=04018749",Taipei 1983 p248-248 pl63,Taipei 2002 p96 cat.II-18,Taipei 2007 p115/257 pl136,"Weng, Yu-wen. “來自天方的仙工－簡介「南亞美玉特展」.” 故宮文物月刊 The National Palace Museum Monthly of Chinese Art 410 (May 2017): 16–29.",Taipei 2015 p33 cat006,詠痕都斯坦玉墨瓶筆室,In Praise of a Hindustan Jade Ink Bottle and Pen/Brush Case,"Ink bottle exterior (QL), Lid of wooden box (QL), ministers' response poems on box lid sides **NOTHING INCISED ON PEN CASE***","QL text on both ink bottle and wooden Box lid: 削木中書擬管城,橫行却向左而行,宛看琢玉成筆室,更介為缾貯墨卿,點染謄章工述事,取携湊便恰怡情,非珍新樣兼精玖,用識同文異獻荊。 (QL) NEED SEVEN MINISTERS' TEXTS ON BOX LID

Shen Chu: 藝苑琳應出禁城使來壓韋這持行房兼四寶殊蘇諧稟順震潘髓漢卿舍潤德全珍地產揮亳因遁醴皇帝嚴從明域凝師古量藩凝壺筆削荊 [臣沈初恭和]","""While in China fur is taken for writing-brushes, in foreign lands wood is whittled for writing purposes."" (Taipei 1983 p248 translation of poem note 中土聚毫為筆,外城削木供書, not part of poem text)","(序)製出回中,珍儲席上。抽璚筦則擬毛錐,戢戢珥時,可比昭華,貯隃糜則見墨海, 潭潭蘸處,奚誇銀甕。琢成附體文房,信具二難,收便聯函璧府,疑兼雙珏,蓋彼貴人所用,供奉謄章。其來萬里而遙,微慙玩物爲憶,旁行左向,緘秘笈者,曾供削牘之書,更同四角,中央詠瓣香焉,試續銘盤之句。

削木中書擬管城(中土聚毫為筆,外城削木供書,猶存古製也),橫行却向左而行(梵書向右行,外域書多同,惟回書雖旁行而向左,與漢書同),宛看琢玉成筆室,更介為缾貯墨卿,點染謄章工述事,取携湊便恰怡情,非珍新樣兼精玖,用識同文異獻荊。 

Shen Chu: 御製詠痕都斯坦玉墨瓶筆室元韻 藝苑琳應出禁城使來壓韋這持行房兼四寶殊蘇諧稟順震潘髓漢卿舍潤德全珍地產揮亳因遁醴皇帝嚴從明域凝師古量藩凝壺筆削荊 (Check printed note text for accuracy of CText note text 筆之雕酬蹴關一萬讓)",御製詩,三集,卷72,頁2,戊子,(乾隆三十三年1768年),"此詩加琢於該器器表,並於宮中配製木匣,匣上刻字泥金高宗與朝臣們應和之詩。藏於本院,品號天三三一,圖版陸参,插圖33。 Taipei 1983 p248: ""The NPM collection also includes six wooden writing-pens and a silver pen-case sent to the Qing court in tribute by the Moslems of Central Asia. The wood pens were sharpened at one end and had a carved line to serve as an ink reservoir."" (photo included)",https://ctext.org/library.pl?if=gb&file=68096&page=71,http://antiquities.npm.gov.tw/Utensils_Page.aspx?ItemId=53654,03,hindustan_item,my_collection,"/img/derivatives/iiif/images/jade012a_00/full/250,/0/default.jpg","/img/derivatives/iiif/images/jade012a_00/full/1140,/0/default.jpg",/img/derivatives/iiif/jade012a/manifest.json,"",""
jade015,"Large bluish-green jade lotus flower plate (1983) Floral plate (2007, webcat)","青綠玉蓮瓣大盤 (1983) 花式盤 (2007, webcat)",1769,Mughal,plate,盤,Mughal,NPMT,古玉3238,天325,乾清宮 QQG,"Rim diameter 32.2cm, base diameter 24.7cm, height 3.5cm","",15,"https://theme.npm.edu.tw/opendata/DigitImageSets.aspx?sNo=04029115&Key=%E8%8A%B1%E5%BC%8F%E7%8E%89%E7%9B%A4&pageNo=1 
https://theme.npm.edu.tw/opendata/DigitImageSets.aspx?sNo=04029114&Key=%E8%8A%B1%E5%BC%8F%E7%8E%89%E7%9B%A4&pageNo=1 
https://theme.npm.edu.tw/opendata/DigitImageSets.aspx?sNo=04029113&Key=%E8%8A%B1%E5%BC%8F%E7%8E%89%E7%9B%A4&pageNo=1",Taipei 1983 pp186-187 pl31,Taipei 2002 p98 catII-20,Taipei 2007 p83/248 pl079,SFAAM 2016 p217 cat. 153,"",詠痕都斯坦滿尺玉盤,"",Qianlong poem Interior; officials' poems exterior,"QL: 考工未藉玉人爲,萬里從風貢自馳,巧匠由來琢喀嗎,金神曾是守熏池,規圓外復出瓜瓣,尺滿中仍結菃蕤,不寶華囂寳獻善,王孫圉語厪吾思。 Officials: NEED their poems - not included in any published sources. Officials with listed poems: 劉統勳、劉綸、于敏中、董邦達、王際華、錢維城、曹文埴、彭元瑞、沈初、董誥等人","","Imperial poem: 考工未藉玉人爲,萬里從風貢自馳(守伊犁將軍伊勒圖所進),巧匠由來琢喀嗎(回之古巧匠名),金神曾是守熏池,規圓外復出瓜瓣,尺滿中仍結菃蕤,不寶華囂寶獻善,王孫圉語厪吾思。 
Need officials' poems",御製詩,三集,卷78,頁25,己丑,(乾隆二十四年1769年),"此詩加琢於該玉盤上,藏於本院,品號天三二五,圖版参壹,插圖34。 ""This large plate came into the Qing court in 1769, sent as tribute by a general stationed in Ili. The Qianlong emperor composed a poem for this piece, which was then inscribed onto the plate. The outside of the lotus petalsare inscribed with lines of verse of many high ministers, such as Dong Bangda 董邦達. The Qing court had a brocaded box made for this jade, on which was written 《痕度斯坦玉盤一件甲》."" (Taipei 2007) Webcat: ""青綠玉，琢作一盛開的二十瓣蓮花形大盤，盤心雕一平展的小花，底光平。全器厚大結實，是雜揉了厚實質感與細緻作工於一體的蒙兀兒帝國玉器作品。 盤心為乾隆三十四年（1769）御製詩〈詠痕都斯坦滿尺玉盤〉：「考工未藉玉人為，萬里從風貢自馳。巧匠由來琢喀馬，金神曾是守重池。規圓外復出瓜瓣，尺滿中仍結菃蕤。不寶華囂寶獻善，王孫圉語廑吾恩。」及「己丑新正月御題」下接「乾」「隆」二印文。詩錄於《御製詩二集》卷65頁18。盤外壁為劉統勳、劉綸、于敏中、董邦達、王際華、錢維城、曹文埴、彭元瑞、沈初、董誥等人的唱和之作，展現乾隆皇帝與詞臣文會的景象。 附錦袱、裱錦木匣。匣上有「痕都斯坦玉盤一件甲」題簽及「如字第三十□号」殘黃簽。 清宮舊藏，原儲於紫禁城乾清宮。""",https://ctext.org/library.pl?if=gb&file=68099&page=119#,"",04,hindustan_item,my_collection,"/img/derivatives/iiif/images/jade015_00/full/250,/0/default.jpg","/img/derivatives/iiif/images/jade015_00/full/1140,/0/default.jpg",/img/derivatives/iiif/jade015/manifest.json,"",""
jade016a,"Flower-shaped gray jade bowl (1983); Flower-shaped bowl, bluish-grey jade (2007/2015);",青灰花式碗 (1983); 花式碗 (2007),1769,Mughal,bowl,椀,Mughal,NPMT,古玉3220,天419,乾清宮 QQG,diameter 15.1cm; diameter at base 6.5cm; height 5.4cm,"",16,"",Taipei 1983 pp128-129 pl2,Taipei 2007 p58/242 cat046,Taipei 2015 p43 cat008,"","",詠痕都斯坦玉椀 ,"","Inner wall; base incised with 乾隆御詠 ""Recited/Composed by the Qianlong emperor"" in seal script","良璆出大蒙,山石那須攻,省力資水磨,精鐫本鬼工。式成瓜列瓣,氣吐草垂虹,曾未三朡伐,貢原西旅同。 ","","良璆出大蒙,山石那須攻,省力資水磨,精鐫本鬼工。式成瓜列瓣,氣吐草垂虹,曾未三朡伐(平定回部師未至痕都斯坦),貢原西旅同。 ",御製詩,三集,卷79,頁17,己丑,(乾隆三十四年1769年),"此詩加琢於兩件玉碗,均收藏於本院,品號天四一九,天四二五,圖版貳、伍,插圖36,35。 Taipei 2007 p. 242: ""Entered Qing court in 1769...complete with brocade casket and cover."" Note intriguing homophone of 乾隆御詠 with 乾隆御用, which also corresponds with placement. Same poem as Jade016a incised on interior walls",https://ctext.org/library.pl?if=gb&file=68100&page=37,http://antiquities.npm.gov.tw/Utensils_Page.aspx?ItemId=53643,05,hindustan_item,my_collection,"/img/derivatives/iiif/images/jade016a_00/full/250,/0/default.jpg","/img/derivatives/iiif/images/jade016a_00/full/1140,/0/default.jpg",/img/derivatives/iiif/jade016a/manifest.json,"",""
jade016b,Bluish-white jade bowl with two handles (1983); Flower-shaped bowl with two bud-shaped handles (2015),花口花蕾形雙柄碗 (2015),1769,Mughal,bowl with handles,椀,Mughal,NPMT,古玉2470,天425,乾清宮 QQG,Length 21.2cm; width 14cm; height 7.1cm,"",16,"",Taipei 1983 pp134-135 pl5,Taipei 2007 p74/246 cat066,Taipei 2015 p43 cat009,"","",詠痕都斯坦玉椀 ,"",Inner wall,"良璆出大蒙,山石那須攻,省力資水磨,精鐫本鬼工。式成瓜列瓣,氣吐草垂虹,曾未三朡伐,貢原西旅同。 ","","良璆出大蒙,山石那須攻,省力資水磨,精鐫本鬼工。式成瓜列瓣,氣吐草垂虹,曾未三朡伐(平定回部師未至痕都斯坦),貢原西旅同。 ",御製詩,三集,卷79,頁17,己丑,(乾隆三十四年1769年),Same poem as Jade016 incised on interior walls,https://ctext.org/library.pl?if=gb&file=68100&page=37,http://antiquities.npm.gov.tw/Utensils_Page.aspx?ItemId=52890,06,hindustan_item,my_collection,"/img/derivatives/iiif/images/jade016b_00/full/250,/0/default.jpg","/img/derivatives/iiif/images/jade016b_00/full/1140,/0/default.jpg",/img/derivatives/iiif/jade016b/manifest.json,"",""
jade019,"Light grayish-green jade ladle (Taipei 1983)
Emerald jade ladle (webcat)",長柄杓 (webcat),1770,Ottoman,ladle,杓,Ottoman,NPMT,古玉3861,天330,乾清宮 QQG,"Length 26.8cm, bowl length 10.5cm, bowl width 8.2cm, bowl depth 4.8cm","",19,https://theme.npm.edu.tw/opendata/DigitImageSets.aspx?sNo=04029256&lang=2&Key=ottoman&pageNo=4 https://theme.npm.edu.tw/opendata/DigitImageSets.aspx?sNo=04029255&lang=2&Key=ottoman&pageNo=4  https://theme.npm.edu.tw/opendata/DigitImageSets.aspx?sNo=04029254&lang=2&Key=ottoman&pageNo=5,Taipei 1983 p206-207 pl41,Taipei 2002 p155 catIV-24,Taipei 2007 p191/276 pl241,"","",題痕都斯坦玉杓 ,On a Hindustan Jade Ladle,Back of spoon bowl (QL); top of zitan box lid (QL); poetry by ministers on box lid (NEED),"掌非周玉府,攻自泰西瀛,絕勝舒州杓,何須力士鐺,璞原誤荊國,蕊特艷昌城,試問宜誰贈,應調傳說羹。 (QL) Need 6 ministers' poems, written in response to QL's poem, on zitan box lid","","掌非周玉府,攻自泰西瀛,絕勝舒州杓,何須力士鐺,璞原誤荊國,蕊特艷昌城,試問宜誰贈,應調傳說羹。 ",御製詩,三集,卷86,頁25,庚寅,(乾隆三十五年1770年),"此詩加琢於該玉杓之底, 藏於本院,品號天三三0,圖版肆壹,插圖29。 ""杓底加琢乾隆三十五年（1770）御製詩四十字：掌非周玉府，攻自泰西瀛，絕勝舒州杓，何須力士鐺。璞原誤荊國，蕊特豔昌城，試問宜誰贈，應調傅說羹。並刻「乾隆庚寅春御題」七字及「比德」璽文一方。同一詩亦刻字泥金於宮中所配製之紫檀木盒的盒蓋上方，盒蓋周圍還加刻了六位大臣所唱和的詩篇。經核查《清高宗御製詩文全集》可知，該詩的詩題為「題痕都斯坦玉杓」，收錄於御製詩三集卷86頁25。"" (webcat)",https://ctext.org/library.pl?if=gb&file=68103&page=117,http://antiquities.npm.gov.tw/Utensils_Page.aspx?ItemId=54286,07,hindustan_item,my_collection,"/img/derivatives/iiif/images/jade019_00/full/250,/0/default.jpg","/img/derivatives/iiif/images/jade019_00/full/1140,/0/default.jpg",/img/derivatives/iiif/jade019/manifest.json,"",""
jade020,White jade bowl with two handles (Taipei 1983) White jade bowl with twin handles (Taipei 2002) jade bowl with two bud-shaped handles (Taipei 2007),"白玉雙耳碗 (Taipei 1983, Taipei 2002) 平口花蕾形雙柄碗 (Taipei 2007)",1770,Mughal,bowl,椀,Mughal,NPMT,故玉1668,金1604.40,永壽宮 YSG,"Rim diameter 12.9cm, width inc. handles 16cm, height 3.95cm, bodywall thickness one-third below rim 0.25cm","",20,https://theme.npm.edu.tw/opendata/DigitImageSets.aspx?sNo=04013919,Taipei 1983 p136 pl6,Taipei 2002 p154 catIV-23,Taipei 2007 p59/243 cat048,"","",詠痕都斯坦玉椀,"",Outer wall; interior center inscribed with 乾隆御用 in seal script,"(序)郵從西土,蕊簇四面,重台碾出,筠浮暈若,兩旁抱珥,貢效泰蒙,包匭來隨,都護歸軺,用是擒吟,以代紀實。

截眆出泰冒,製椀自痕都,形色雙合相,磨礲了似無,葉翻含蕾耳,瓣發抱花趺,通道恒來貢,懷柔義厪吾。 ","","(序)郵從西土,蕊簇四面,重台碾出,筠浮暈若,兩旁抱珥,貢效泰蒙,包匭來隨,都護歸軺,用是擒吟,以代紀實。

截眆出泰冒,製椀自痕都,形色雙合相,磨礲了似無,葉翻含蕾耳,瓣發抱花趺,通道恒來貢,懷柔義厪吾。 ",御製詩,三集,卷86,頁30,庚寅,(乾隆三十五年1770年),"此詩與詩序均加琢於該玉碗之外壁,碗心又琢「乾隆御用」四字,藏於本院,品號金一六0四40,圖版陸,插圖37。",https://ctext.org/library.pl?if=gb&file=68103&page=127,http://antiquities.npm.gov.tw/Utensils_Page.aspx?ItemId=52087,08,hindustan_item,my_collection,"/img/derivatives/iiif/images/jade020_00/full/250,/0/default.jpg","/img/derivatives/iiif/images/jade020_00/full/1140,/0/default.jpg",/img/derivatives/iiif/jade020/manifest.json,"",""
jade021a,"Bluish-white jade bowl with two handles (Taipei 1983, DigCat), jade bowl with two bud-shaped handles (Taipei 2007)","青玉雙耳碗 (Taipei 1983) 平口花蕾形雙柄碗 (Taipei 2007, DigCat)",1770,Mughal,bowl,盌,Mughal,NPMT,古玉2430,夜191.13,頤和軒 YHX,"Rim diameter 14.3cm, width inc. handles 18.1cm, height 6.4cm, base diameter 6.75cm, body wall thickness one-third below rim 0.21cm","",21,https://theme.npm.edu.tw/opendata/DigitImageSets.aspx?sNo=04029022&Key=%E7%8E%89%E5%B9%B3%E5%8F%A3%E8%8A%B1%E8%95%BE%E5%BD%A2%E9%9B%99%E6%9F%84%E7%A2%97&pageNo=1  https://theme.npm.edu.tw/opendata/DigitImageSets.aspx?sNo=04029020&Key=%E7%8E%89%E5%B9%B3%E5%8F%A3%E8%8A%B1%E8%95%BE%E5%BD%A2%E9%9B%99%E6%9F%84%E7%A2%97&pageNo=2  https://theme.npm.edu.tw/opendata/DigitImageSets.aspx?sNo=04029021&Key=%E7%8E%89%E5%B9%B3%E5%8F%A3%E8%8A%B1%E8%95%BE%E5%BD%A2%E9%9B%99%E6%9F%84%E7%A2%97&pageNo=2,Taipei 1983 p138-139 pl7,Taipei 2007 p62/243 cat052,"","","",詠痕都斯坦白玉盌,"",Inner wall,"懿此嬰垣玉,出惟羭次山,色真勝霜雪,器豈類釵環,設貢岐周際,應陳琬琰間,車磲定何物,八斗費言艱。 ","","懿此嬰垣玉,出惟羭次山,色真勝霜雪,器豈類釵鐶,設貢岐周際,應陳琬琰間,車磲定何物,八斗費言艱(曹植有車磲盌賦)。 ",御製詩,三集,卷87,頁10,庚寅,(乾隆三十五年1770年),"此詩加琢於該玉碗器表,藏於本院,品號夜一九一13,圖版类,插圖38。",https://ctext.org/library.pl?if=gb&file=68104&page=23,http://antiquities.npm.gov.tw/Utensils_Page.aspx?ItemId=52850,09,hindustan_item,my_collection,"/img/derivatives/iiif/images/jade021a_00/full/250,/0/default.jpg","/img/derivatives/iiif/images/jade021a_00/full/1140,/0/default.jpg",/img/derivatives/iiif/jade021a/manifest.json,"",""
jade024,Bluish-white jade bowl with two handles (1983) Flower-shaped bowl with two bud-shaped handles (2007) Jade bowl with two ears (collection site),"青玉雙耳碗 (1983)花口花蕾形雙柄碗 (2007, collection site)",1770,Mughal,bowl with handles,盃 (乾隆）碗 （國立故宮博物院),Mughal,NPMT,古玉3165,天49.25,乾清宮 QQG,"Length 15.4cm, width 11.6cm, diameter at base 5.8-6.2cm, height 6.5cm, body wall thickness one-third below rim 0.2cm","",24,https://theme.npm.edu.tw/opendata/DigitImageSets.aspx?sNo=04020795  https://theme.npm.edu.tw/opendata/DigitImageSets.aspx?sNo=04020799,Taipei 1983 pp140-141 pl8,Taipei 2007 p67/245 cat058,"Liao, Baoxiu. Empty Vessels, Replenished Minds: The Culture, Practice, and Art of Tea. Taibei: National Palace Museum, 2002. (page unknown)","","",詠痕都斯坦白玉盃,"",Outer wall,"痕都撈玉出河濱,水磨磨成製絕倫,百瓣細攢穩承足,雙葩夾輔巧持唇, 瓊瑤自古來西域,精緻而今勝玉人,不以飲醪以啜茗,戒哉惡旨久書紳。 

（跋）盃圓而橢,口四出,趺攢菊英,下圍敷葉十二,左右長葉各一,上出及盃唇,稍外偃,復有兩花下垂。承以短葉,可用執,玉旣瑩淨,製薄如紙,良材巧琢,非中土玉工所能仿佛也。 ","Note: ""The notes to the poem claim that this bowl was made using the water grinding method and was as thin as paper, something that Chinese jade workers could not accomplish."" (Taipei 2007 p245 cat 058)","痕都撈玉出河濱,水磨(去聲)磨(平聲)成製絕倫,百瓣細攢穩承足,雙葩夾輔巧持唇, 瓊瑤自古來西域,精緻而今勝玉人,不以飲醪以啜茗,戒哉惡旨久書紳。 

盃圓而橢,口四出,趺攢菊英,下圍敷葉十二,左右長葉各一,上出及盃唇,稍外偃,復有兩花下垂。承以短葉,可用執,玉旣瑩淨,製薄如紙,良材巧琢,非中土玉工所能仿佛也。 ",御製詩,三集,卷90,頁31—32,庚寅,(乾隆三十五年1770年),"此詩與詩跋均加琢於該玉碗(實爲碗非杯)的外壁,藏於本院,品號天四九25,圖版捌,插圖39。",https://ctext.org/library.pl?if=gb&file=68105&page=134,http://antiquities.npm.gov.tw/Utensils_Page.aspx?ItemId=53588,10,hindustan_item,my_collection,"/img/derivatives/iiif/images/jade024_00/full/250,/0/default.jpg","/img/derivatives/iiif/images/jade024_00/full/1140,/0/default.jpg",/img/derivatives/iiif/jade024/manifest.json,"",""
jade028,"Half-gourd-shaped greed jade cup (1983), half gourd cup (2007, catweb)","痕都斯坦瓜瓣瓢 (1983, 2002) 瓜瓣杯 (2007) 玉瓜瓣杯 附絲穗 (catweb)",1773,Mughal,cup,杯,Mughal,NPMT,古玉2860,天414,乾清宮 QQG,"Length 16.6cm, width 12.8cm, height 4.7cm, body wall thickness one-third below rim 0.21cm","",28,https://theme.npm.edu.tw/opendata/DigitImageSets.aspx?)sNo=04018746  https://theme.npm.edu.tw/opendata/DigitImageSets.aspx?sNo=04018751  https://theme.npm.edu.tw/opendata/DigitImageSets.aspx?sNo=04018740,Taipei 1983 pp172-173 pr24,Taipei 2007 pp90/250 pl090,Taipei 2002 pp 155,"《精彩一百 國寶總動員》        蔡玫芬        臺北巿：國立故宮博物院        2011/11
《故宮勝概新編》        馮明珠        臺北巿：國立故宮博物院        2009/09
《故宮文物月刊》188期(赴法展)        器物處        臺北巿：國立故宮博物院        1998/11","", ,"",Inner wall,"玉瓢一握如瓜瓣,有蒂有葉還有花,和闐出玉不解琢,琢自痕都萬里遐,崑崙之岡產美質,喀嗎水磨攻錯加,製爲飲器可攜帶,清泉舉酌勝烹茶。異域都大尚武備,以獵以戰隨操挐,是盖彼中貴者用,非棗乃是安期瓜,弗徵弗索聽貿易,近利市至三倍奢,徒置棐几佐文玩, 殊方聲教奚事誇,却笑設贈許顏輩,棄而弗顧當興嗟。 ","","玉瓢一握如瓜瓣,有蒂有葉還有花,和闐出玉不解琢(和闐雖有玉工而不能精琢,精琢者皆出痕都斯坦,彼處亦出玉,蓋愈西愈近崑崙矣),琢自痕都萬里遐,崑崙之岡產美質,喀嗎水磨攻錯加,製爲飲器可攜帶,清泉舉酌勝烹茶。異域都大尚武備,以獵以戰隨操挐,是盖彼中貴者用,非棗乃是安期瓜,弗徵弗索聽貿易,近利市至三倍奢,徒置棐几佐文玩, 殊方聲教奚事誇,却笑設贈許顏輩,棄而弗顧當興嗟。 ",御製詩,四集,卷9,頁22,癸己,(乾隆三十八年1773年),"此詩加琢於該器的器表,藏於本院,品號天四一四,圖版貳肆。插圖40。 QL ordered silk tassel made for the cup.",https://ctext.org/library.pl?if=gb&file=56243&page=104,http://antiquities.npm.gov.tw/Utensils_Page.aspx?ItemId=53281,11,hindustan_item,my_collection,"/img/derivatives/iiif/images/jade028_00/full/250,/0/default.jpg","/img/derivatives/iiif/images/jade028_00/full/1140,/0/default.jpg",/img/derivatives/iiif/jade028/manifest.json,"",""
jade035a,"Large round dark green jade plate (1983, webcat), jade plate (2007)","碧玉大圓盤 (1983), 玉盤 (2007, webcat)",1774,"Central Asia (according to museum); Taipei 2007 notes that poem lists origin as 西洱, which museum identifies in Yunnan province, but impossible to confirm. Poem also specifically says plate was given in tribute 貢",plate,盤,Central Asia,NPMT,古玉 0632,天367,乾清宮 QQG,"Rim diameter 24.7, base diameter 14.7, height 3.9cm,","",35,"",Taipei 1983 pp180-181 pl28,Taipei 2007 pp31/233 pl004,Taipei 2015 p75 pl037,"","",綠玉盤,"",center,"盤敦真裁玉,琅玕非贈青,瓜皮無鼂采,韭葉豈瓏玲,弗翼來西洱,輸誠貢大庭,繹思君奭語,愧覺不遑寧。 ","","盤敦真裁玉,琅玕非贈青,瓜皮無鼂采,韭葉豈瓏玲,弗翼來西洱,輸誠貢大庭,繹思君奭語,愧覺不遑寧。 ",御製詩,四集,卷22,頁13,甲午,(乾隆三十九年1774年),"此詩加琢於該盤之盤心，藏於本院,品號天三六七,圖版貳捌,插圖41。",https://ctext.org/library.pl?if=gb&file=56258&page=27,http://antiquities.npm.gov.tw/Utensils_Page.aspx?ItemId=51051,12,hindustan_item,my_collection,"/img/derivatives/iiif/images/jade035a_00/full/250,/0/default.jpg","/img/derivatives/iiif/images/jade035a_00/full/1140,/0/default.jpg",/img/derivatives/iiif/jade035a/manifest.json,"",""
jade040,"Quartz scoop in halved double gourd shape (webcat) Gourd-shaped cup (Taipei 2007) **THIS IS WHITE QUARTZ, NOT NEPHRITE***",葫蘆形杯,1775,Mughal,ladle,瓢,Mughal,NPMT,古玉2810,呂1847.70,養心殿 YXD,"Length 15.8cm, width 10.3cm, height 3cm, wall thickness 0.23cm","",40,"",Taipei 1983 p204-205 pl40,Taipei 2007 p89/250 pl089,"","","",詠痕都斯坦古玉瓢,In Praise of an Archaic Hindustan Jade Ladle (瓢 is specifically a ladle made from a dried gourd),Exterior,"痕都玉器來己夥,似兹舊物誠罕覩,製旣樸雅非華囂,質亦渾然穆而古,瓠可酌水斯象之,細腰大腹如剖腑,皮畧爲瓣疑就模柄孔穿繩便攜取,瓢飲由來古所稱,而彼那知顏與許,喀嗎琢爲眉哩用,戰獵佩之隨步武,賁來中國兩無藉,數典難尋周玉府,宣和刻印非所云建初脱粟儉堪祖,文房真稱件清吟,偶用輒因懷杜甫。 ","","痕都玉器來己夥,似兹舊物誠罕覩,製旣樸雅非華囂,質亦渾然穆而古,瓠可酌水斯象之,細腰大腹如剖腑,皮畧爲瓣疑就模(瓠無瓣,此器外皮有瓣,上林以模夾葫蘆成器者乃有之,或外國葫蘆本有瓣,則不可知矣)柄孔穿繩便攜取,瓢飲由來古所稱,而彼那知顏與許,喀嗎(匠名)琢爲眉哩(汗名)用,戰獵佩之隨步武,賁來中國兩無藉,數典難尋周玉府,宣和刻印非所云(洞天清錄,宣和有玉瓢御寶)建初脱粟儉堪祖(漢章帝紀有恨不能瓢飲脱粟耳之語),文房真稱(去聲)件清吟,偶用輒因懷杜甫(杜甫詩,瓢飲惟三徑)。 ",御製詩,四集,卷26,頁19,乙未,(乾隆四十年1775年),"此詩加琢於該玉瓢(實質爲石英而非玉也)外壁,藏於本院,品號呂一八四七70,圖版肆零,插圖42。 ""QL recognized it as an old jade...also had a beautiful wooden casket and stand made especially for this piece."" (Taipei 2007 p250 pl089) ""...[QL] apparently did not realize [that] this piece was made of white quartz, which is somewhat less translucent than amphibole jade. He thought it was an 'ancient object' that had become discolored over the years."" (Taipei 1983 p204)",https://ctext.org/library.pl?if=gb&file=56262&page=37,http://antiquities.npm.gov.tw/Utensils_Page.aspx?ItemId=53231,13,hindustan_item,my_collection,"/img/derivatives/iiif/images/jade040_00/full/250,/0/default.jpg","/img/derivatives/iiif/images/jade040_00/full/1140,/0/default.jpg",/img/derivatives/iiif/jade040/manifest.json,"",""
jade041,Green jade plate inlaid with gold wire and colored glass (1983); Round plate with carved floral patterns (2007),蒙兀兒帝國 碧玉金絲盤 or 雕花盤,1775,"",plate,盤,Mughal,NPMT,古玉3878,天324,乾清宮 QQG,length 22.9 cm x 21.7cm; height 1.9cm,"",41,https://theme.npm.edu.tw/opendata/DigitImageSets.aspx?sNo=04011780  https://theme.npm.edu.tw/opendata/DigitImageSets.aspx?sNo=04001081,Taipei 1983 p200-201 pl38,Taipei 2007 p84/249 cat081,Taipei 2002 p156 catIV-26,"","",詠痕都斯坦綠玉盤,Ode on a Hindustan Green Jade Plate,interior center,"量材爲器匪瓊英,工緻訝難意想成,喀嗎匠能逞彼巧,專諸人或遜其精,相金釘寶撫無迹,簇葉攢花視有情,每憶旅獒篇著訓,擒吟還覺愧平生。 ","","量材爲器匪瓊英(此玉盤品乃中平而製絕精巧,蓋以掩其不逮也),工緻訝難意想成,喀嗎(回語以匠人爲喀嗎)匠能逞彼巧,專諸人或遜其精(蘇城玉人多居專諸巷),相金釘寶撫無迹,簇葉攢花視有情,每憶旅獒篇著訓,摛吟還覺愧平生。 ",御製詩,四集,卷28,頁8-9,乙未,(乾隆四十年1775年),"此詩加琢於該玉盤器心,藏於本院,品號天三二四,圖版参捌,插圖43。 Taipei 2007 p84/249 cat.081 entry lists ""rubies"" instead of ""colored glass""",https://ctext.org/library.pl?if=gb&file=56320&page=18,https://theme.npm.edu.tw/opendata/DigitImageSets.aspx?sNo=04011780,14,hindustan_item,my_collection,"/img/derivatives/iiif/images/jade041_00/full/250,/0/default.jpg","/img/derivatives/iiif/images/jade041_00/full/1140,/0/default.jpg",/img/derivatives/iiif/jade041/manifest.json,"",""
jade053,Large round white jade bowl (Taipei 1983) Bowl in the style of a four-petal flower (2007),白玉大圓碗 (Taipei 1983) 四瓣花式碗 (Taipei 2007),1781,Mughal,bowl,碗,Mughal,NPMT,古玉0735,爲499.73,咸福宮 XFG,"Rim diameter 25.2cm, base diameter 16cm, height 6.8cm, body wall thickness one-third below rim 0.32cm","",53,"",Taipei 1983 pp130-131 pl3,Taipei 2007 pp57/242 cat045,"","","",詠痕都斯坦盈尺椀十二韻 ,"""Twelve Verses on a Foot-Sized Hindustan Bowl""",Inner wall,"度尺盈周尺,貢珍果國珍,潜光煥山澤,垂棘暎星辰,美質出龍首,良工造罽賓,流離傳漢史,琬琰賦唐人,徑一繩引直,圍三規中循,釘心含蕚簇,分瓣布英匀,列宿都拱北,四時原始春,雨風占異好, 尊斝可同陳,背面胥環抱,英華復樸淳,人工天巧奪,理寓器呈恂,脂白鮮他比,水圓切已頻,如何不脛者,萬里此重轃。 ","","度尺盈周尺,貢珍果國珍,潜光煥山澤,垂棘暎星辰,美質出龍首,良工造罽賓,流離傳漢史,琬琰賦唐人,徑一繩引直,圍三規中(去聲)循,釘心含蕚簇,分瓣布英匀,列宿都拱北,四時原始春(是椀分四大瓣,又各爲七小瓣,如二十八宿也),雨風占異好, 尊斝可同陳,背面胥環抱,英華復樸淳,人工天巧奪,理寓器呈恂,脂白鮮他比,水圓切已頻,如何不脛者,萬里此重轃。 ",御製詩,四集,卷77,頁5—6,辛丑,(乾隆四十六年1781年),"此詩加琢於該玉椀之器心,藏於本院,品號爲四九九73,圖版参,插圖44。 See also notes for Jade056 on a nearly identical but slightly smaller bowl, incised with a somewhat similar poem.",https://ctext.org/library.pl?if=gb&file=56483&page=112,http://antiquities.npm.gov.tw/Utensils_Page.aspx?ItemId=51154,15,hindustan_item,my_collection,"/img/derivatives/iiif/images/jade053_00/full/250,/0/default.jpg","/img/derivatives/iiif/images/jade053_00/full/1140,/0/default.jpg",/img/derivatives/iiif/jade053/manifest.json,"",""
jade054,White jade bowl with two handles (1983) Jade bowl with two bud-shaped handles (2007) white jade bowl with two handles (online cat),"白玉雙耳碗 (1983) 平口花蕾形雙柄碗 (2007, online cat)",1781,Mughal,bowl with handles,痕都斯坦白玉椀,Mughal,NPMT,古玉1863,呂640.7,養心殿 YXD,"Length 18.6cm, diameter 16.7cm, diameter at base 8.05cm, height 7.8 cm, body wall thickness one-third below rim 0.16cm",NPMT CC-BY-4.0,54,https://theme.npm.edu.tw/opendata/DigitImageSets.aspx?sNo=04010303,Taipei 1983 pp142-143 pl9,Taipei 2007 pp60/243 cat049,"","","",痕都斯坦白玉椀,"",Outer wall,"珍含鼂采,琢將兩珥生花,喻擬晚香,捧出一函瑩雪,工精水磨,製撞痕都,比朗暎於冰壺,借新彫於楮葉,鑑存非寶,詠以代銘。

印度良工夥,水磨佳法存,羊脂標質潤,菊瓣簇英翻,未似楮爲久,還無斧鑿痕,水圓如借喻,聚好愧難言。 ","","(序)珍含鼂采,琢將兩珥生花,喻擬晚香,捧出一函瑩雪,工精水磨,製撞痕都,比朗暎於冰壺,借新彫於楮葉,鑑存非寶,詠以代銘。

印度良工夥(華言印度即譯痕都二字,成文蓋已久矣),水磨(平聲)佳法存(彼處用水磨磨玉, 工省而製精),羊脂標質潤,菊瓣簇英翻,未似楮爲久,還無斧鑿痕,水圓如借喻,聚好(去聲)愧難言。 ",此詩御製詩,四集,卷77,頁19,辛丑,(乾隆四十六年1781年),"但未載詩序,當爲編修者所遺漏。然此詩序與詩,均加琢於該玉碗之器表,藏於本院,品號呂六四07,圖版玖,插圖45。",https://ctext.org/library.pl?if=gb&file=56483&page=138,http://antiquities.npm.gov.tw/Utensils_Page.aspx?ItemId=52282,16,hindustan_item,my_collection,"/img/derivatives/iiif/images/jade054_00/full/250,/0/default.jpg","/img/derivatives/iiif/images/jade054_00/full/1140,/0/default.jpg",/img/derivatives/iiif/jade054/manifest.json,"",""
jade065,Green jade bowl with two handles (1983) Flower-shaped bowl with two bud-shaped handles (2007) Green jade bowl with two handles (cat web),"碧玉雙耳碗 (1983) 花口花蕾形雙柄碗 (2007, cat web)",1789,Mughal,bowl with handles,詠痕都斯坦綠玉椀,Mughal,NPMT,古玉  1665,金1604.4,永壽宮 YSG,"Rim diameter 12cm, width including handles 16cm, base diameter 6.2cm, height 3.9cm, bodywall thickness one-third below rim 0.1cm, relief decor thickness 0.15cm","",65,"",Taipei 1983 pp144-145 pl10,Taipei 2007 pp71/245 pl062,"","","",詠痕都斯坦綠玉椀,"",Inner wall,"谈以水方濃以韭,淡濃之際暈交并,雙重作蒂如含果,六出爲花不離瓊,豐殺莖柯從節度,毫芒不鄂悉分明,專諸巷裏精工者,三舍眞當退避行。 ","","谈以水方濃以韭,淡濃之際暈交并,雙重作蒂如含果,六出爲花不離(去聲)瓊,豐殺(去聲)莖柯從節度,毫芒不(平聲)鄂悉分明,專諸巷裏精工者(蘇州專諸巷出玉工,較痕都水磨所爲遠不及),三舍眞當退避行。 ",御製詩,五集,卷48,頁4,己酉,(乾隆五十四年1789年),"此詩加琢於該玉碗之器表, 藏於本院,品號金一六0四4,圖版拾,插圖46。",https://ctext.org/library.pl?if=gb&file=56837&page=70,http://antiquities.npm.gov.tw/Utensils_Page.aspx?ItemId=52084,17,hindustan_item,my_collection,"/img/derivatives/iiif/images/jade065_00/full/250,/0/default.jpg","/img/derivatives/iiif/images/jade065_00/full/1140,/0/default.jpg",/img/derivatives/iiif/jade065/manifest.json,"",""
jade070,"Rectangular pen-and-ink box with white-jade panels (Taipei 1983, webcat) Jade Box for pen and inkstone (Taipei 2015)",痕都斯坦玉墨瓶筆室 (webcat) 白玉墨瓶筆室 (Taipei 1983),"",Central Asia/Xinjiang,casket for pen and inkstone,玉筆硯甲,Mixed Chinese and Hindustan,NPMT,古玉3888,天311,乾清宮 QQG,"Length 29.3cm, width 11.1cm, height 11.2cm",NPMT CC-BY-4.0,70,"",Taipei 1983 p250-251 pl64,Taipei 2015 p80-81 pl045,"","","",詠塞提卜阿勒第所貢和闐玉筆硯匣,"""In Praise of the Khotan Jade Inkstone Box Presented by Satibu Aledi""",Bottom,"巧琢和闐王,四藏宛具中,雖非貴異物,實乃表丹衷,鐫字頗相似,排文却不通。鑒識與笑納,亦以暢文風。 ","""The commentary to this poem recounts that this piece was sent as a tribute-gift by Satib Al-addin CHECK OFFICIAL SPELLING, the Hakim Beg of Yarkand. The Muslims of that area had been infuriated by the corrupt activities of the Qing court minister Gao Pu...; Satib al-Addin's report of Gao's corruption led to the exemption of the local Muslims from paing the following year's taxes, as well as his being awarded the rank of beile or Prince of the (Qing) Imperial Hous. The commentary to this poem mentions that this object was made in a 'Muslim City,' but we do not know if this refers to Yarkand itself or to another jade-working center such as Agra in northern India."" (Taipei 1983 pp97-98) Re: auspicious characters on plaques: ""These inscriptions are all executed in an unstead, childish calligraphy and with much variation in the sizes of the characters. Thus when [QL] receieved this gift, in his commemorative poem he stressed that although these words resembled Chinese writing, the phrases made no connected sense; howeve, moved by the donors' honest intentions, he accepted this gift with a smile and hoped in this way to promote the local culture and customs."" (Taipei 1983 p98)","巧琢和闐王,四藏宛具中(向於獅子林四藏書屋弆明彫漆匣內貯筆硯紙墨書屋,以是得名,是匣乃回城所作,竟能置文房四事於一處,蓋駸駸知中國文物矣),雖非貴異物,實乃表丹衷(塞提卜阿勒第乃回部葉爾羌阿奇木伯克,先是高樸駐劄葉爾羌,勾通奸商役使回人採玉販賣,又勒索彼處金銀珠寶,贓私纍纍,回衆無不怨憤。幸而塞提卜阿勒第列款呈首,永貴乃據實入告,隨將高樸等在彼正法,並免採玉回人次年應納之稅,回衆始安。爾時若非彼首先告發,再遲年餘,必至激生變亂,因即加封貝勒以示優獎。嗣後彼貢此器,特予賞收,非貴異物亦因其衷誠爲可嘉耳),鐫字頗相似,排文却不通(匣面横鐫風調萬壽萬雨順萬方如意十一字,由右而左雖爲祝頌吉詞,當緣未諳漢字文義,故不可句讀也)。鑒誠與笑納,亦以暢文風。 ",御製詩,五集,卷70,頁27,壬子,(乾隆五十七年1792年),"此詩加琢於該玉匣的器底, 藏於本院,品號天三一一,圖版陸肆,插圖28。本院點收清冊上定名爲「痕都斯坦白玉墨瓶筆室」根據原器上所貼之黃籖,日久黃籖已遺落。第六句詩,琢於器表上爲「排書却不通」。 ""Although historical records show that Gao Pu was executed in Yarkand in 1778, this poem is dated [1792], so it is unclear at what time the brush-case was actually receieved at court. The QL emperor's eightieth birthday celebrations were held in 1790 in the Taihedian 太和殿 palace, attendedy by, among others, the headmen of many Asiatic tribes. Among these were the Xinjiang Muslim leaders, or Begs; it is therefore possible that this pen-and-ink box was presented to the emperor at that time, especially in view of of the 萬壽, 'ten thousand years' longevity,' i.e. a birthday greeting, and 四夷來賀""respectful greetings from the barbarians of the four quarters"" on this piece. Since the Muslim leaders would not have been very familiar with Chinese characters at that time, such a hybrid artwork would actually have been produced when they designed the work, and orderd the local artisans to make it (or else requested the Hindustani jade-carvers to do so)."" (Taipei 1983 pp98-99)",https://ctext.org/library.pl?if=gb&file=56863&page=129,http://antiquities.npm.gov.tw/Utensils_Page.aspx?ItemId=54313,18,hindustan_item,my_collection,"/img/derivatives/iiif/images/jade070_00/full/250,/0/default.jpg","/img/derivatives/iiif/images/jade070_00/full/1140,/0/default.jpg",/img/derivatives/iiif/jade070/manifest.json,"",""
jade090,Jade small jue cup,玉小爵杯,1817,India,cup in the form of an archaic Chinese bronze jue vessel,玉小爵杯,Archaizing Chinese,NPMT,故玉003631,"","","","",N/A,https://theme.npm.edu.tw/opendata/DigitImageSets.aspx?sNo=04016869&Key=%E7%8E%89%E5%B0%8F%E7%88%B5%E6%9D%AF&pageNo=1 https://theme.npm.edu.tw/opendata/DigitImageSets.aspx?sNo=04016816 https://theme.npm.edu.tw/opendata/DigitImageSets.aspx?sNo=04016830,Taipei 1983 p178-179 pl27,Taipei 2007 p171 cat.218,Taipei 2015 p156 cat.153,"","", 嘉慶二十二年七月初十日喀什噶爾呈進□玉週身花小爵盃一個,Jade small jue cup,"Text inscribed on imperial yellow slip attached to embroidered ""Muslim cloth"" (Huibu 回布) bag",「嘉慶二十二年七月初十日喀什噶爾呈進□玉週身花小爵盃一個」□ marks a damaged character on the tag that is unreadable. The only images of the tag are published in the Taipei 2007 and Taipei 2015 catalogues (not available online).,"On 22 August 1817 (JQ 22/7/10), Kashgar sent as tribute a small jade jue [archaic-style winecup] carved with flowers over its entire body",N/A,Tag attached to protective storage bag,N/A,N/A,N/A,N/A,JQ 22 (1817),"",https://antiquities.npm.gov.tw/Utensils_Page.aspx?ItemId=54054,https://antiquities.npm.gov.tw/Utensils_Page.aspx?ItemId=54054,19,hindustan_item,my_collection,"/img/derivatives/iiif/images/jade090_00/full/250,/0/default.jpg","/img/derivatives/iiif/images/jade090_00/full/1140,/0/default.jpg",/img/derivatives/iiif/jade090/manifest.json,"",高5.1公分;長7.4公分;寬:6.2公分
